ID,Nome,Ano,Duracao,Metascore,Generos,Qtd votos,IMDB,Qtd atores,Estrela de cinema,Companhia(s) produtora(s),Distribuicao,idioma original,colecao de filmes,oscars indicados,oscars ganhos,Qtd filmes anteriores ator princ.
1,Um Sonho de Liberdade,1994,142,80,drama,2474674,93,54,T,Castle Rock,Columbia,en,F,7,0,20
2,Konjaku monogatari: The new edition,2007,88,,"comedia, drama",500,10,15,F,,,jp,T,0,0,1
3,Os Fantasmas se Divertem,1988,92,70,"comedia, fantasia",277293,75,13,T,Geffen ,Warner Bros.,en,F,1,1,2
4,Star Trek,2009,127,92,"acao, aventura, sci-fi",590806,79,88,"Chris Pine, Zachary Quinto, Simon Pegg",Spyglass,Paramount,en,T,4,1,8
5,O Rei Leao,1994,88,88,"animacao, aventura, drama",987061,85,23,"Matthew Broderick, Jeremy Irons, James Earl Jones",Walt Disney,Buena Vista,en,T,4,2,9
6,R.I.P.D. - Agentes do Alem,2013,96,25,"acao, aventura, comedia",124891,56,20,"Ryan Reynolds, Jeff Bridges, Mary-Louise Parker",Dark Horse,Universal,en,F,0,0,34
7,Bernardo e Bianca,1977,78,74,"animacao, aventura, comedia",61148,69,8,"Bob Newhart, Eva Gabor, Geraldine Page",Walt Disney,Buena Vista,en ,F,1,0,5
8,Cinderella,2015,95,67,"aventura, drama, familia",169139,69,38,"Lily James, Cate Blanchett, Richard Madden",Walt Disney,Walt Disney,en,F,1,0,8
9,Todos os Caes Merecem o Ceu,1989,84,50,"animacao, comedia, drama",39697,68,30,"Dom DeLuise, Burt Reynolds, Daryl Gilley",,United Artists,en,T,0,0,12
10,Kaye Ballard - The Show Goes On,2019,90,,biografia,190,100,29,"Woody Allen, Ann-Margret, Eve Arden",Jim-Dandy Films,,en,F,0,0,36
11,Apenas Amigos,2005,96,47,"comedia, romance",111150,62,52,"Ryan Reynolds, Amy Smart, Anna Faris",New Line Cinema,,en,F,0,0,16
12,Operacao Baba,2005,95,30,"acao, comedia, drama",91343,56,76,"Vin Diesel, Brittany Snow, Max Thieriot",Walt Disney,Buena Vista,en,F,0,0,6
13,Encontro Marcado,1998,178,43,"drama, fantasia, romance",227565,72,28,"Brad Pitt, Anthony Hopkins, Claire Forlani",City Light ,Universal,en,F,0,0,23
14,Zathura: Uma Aventura Espacial,2005,101,67,"acao, aventura, comedia",98995,62,11,"Josh Hutcherson, Jonah Bobo, Dax Shepard",,Columbia,en,F,0,0,3
15,MIB: Homens de Preto,1997,98,71,"acao, aventura, comedia",537432,73,45,"Tommy Lee Jones, Will Smith, Linda Fiorentino",Amblin ,Columbia,en,T,5,3,19
16,Harry Potter e a Pedra Filosofal,2001,152,64,"aventura, familia, fantasia",702565,76,52,"Daniel Radcliffe, Rupert Grint, Richard Harris",Heyday ,Warner Bros.,en,T,3,0,1
17,O Senhor dos Aneis: O Retorno do Rei,2003,201,94,"acao, aventura, drama",1715375,89,52,"Elijah Wood, Viggo Mortensen, Ian McKellen",WingNut ,New Line,en,T,11,11,15
18,Megamente,2010,95,63,"animacao, acao, comedia",241603,73,19,"Will Ferrell, Jonah Hill, Brad Pitt",DreamWorks,Paramount,en,F,0,0,36
19,O Aprendiz de Feiticeiro,2010,109,46,"acao, aventura e familia",157519,61,36,"Nicolas Cage, Jay Baruchel, Alfred Molina",Walt Disney,Walt Disney,en,F,0,0,60
20,O Ultimo Samurai,2003,154,55,"acao, drama",416713,77,48,"Tom Cruise, Ken Watanabe, Billy Connolly",Radar,Warner Bros.,en,F,4,0,31
21,Salvando o Natal,2014,79,18,"comedia, familia",15570,14,47,"Kirk Cameron, Darren Doane, Bridgette Cameron",Camfam,Samuel Goldwyn Films,en,F,0,0,5
22,A Mumia,1999,124,48,"acao, aventura e fantasia",408243,70,25,"Brendan Fraser, Rachel Weisz, John Hannah",Alphaville Films,Universal,en,T,1,0,5
23,Operação Cupido,1998,128,64,"aventura, comedia, drama",128359,66,48,"Lindsay Lohan, Dennis Quaid, Natasha Richardson",Walt Disney,Buena Vista,en,F,0,0,0
24,Dirty Dancing: Ritmo Quente,1987,100,65,"drama, musical, romance",215603,70,33,"Patrick Swayze, Jennifer Grey, Jerry Orbach",Vestron Pictures,Flashstar,en ,F,1,1,3
25,"Nanny McPhee, a Baba Encantada",2005,97,59,"comedia, familia, fantasia",72226,66,21,"Emma Thompson, Colin Firth, Angela Lansbury",Universal Pictures,Universal,en,F,0,0,19
26,Vestida para Casar,2008,111,47,"comedia, romance",158991,61,33,"Katherine Heigl, James Marsden, Malin Akerman", Spyglass,20th Century Fox,en,F,0,0,17
27,Uma Noite no Museu,2006,108,48,"aventura, comedia, familia",328375,64,39,"Ben Stiller, Carla Gugino, Ricky Gervais", Ingenious ,20th Century Fox,en,F,0,0,45
28,Diary of a Cannibal,2007,81,,"crime, horror",864,15,16,"Trevor Parsons, Jillian Swanson, Michael Barbour",The Shadow Factory,Lions Gate ,en,F,0,0,1
29,Venom: Tempo de Carnificina,2021,97,47,"acao, aventura, sci-fi",32542,64,49,"Tom Hardy, Woody Harrelson, Michelle Williams",Columbia ,Sony Pictures,en,T,0,0,27
30,Alone in the Dark: O Despertar do Mal,2005,99,9,"acao, horror, sci-fi",45097,24,32,"Christian Slater, Tara Reid, Stephen Dorff",Flashstar,Flashstar,en,T,0,0,25
31,Meninas Malvadas,2004,97,66,comedia,356.987,70,66,StarsLindsay LohanJonathan BennettRachel McAdams,Broadway ,Paramount,en,F,0,0,4
32,Shrek 2,2004,93,75,"animacao, aventura, comedia",437.822,72,25,StarsMike Myers(voice)Eddie Murphy(voice)Cameron Diaz(voice),DreamWorks ,,en,T,2,0,14
33,"Eu, Robô",2004,105,59,"acao, misterio, sci-fi",516.446,71,34,StarsWill SmithBridget MoynahanBruce Greenwood,20th Century Fox,,en,F,1,0,14
34,Os Incríveis,2004,105,90,"animacao, acao, aventura",683.212,80,51,StarsCraig T. Nelson(voice)Samuel L. Jackson(voice)Holly Hunter(voice),Pixar,Walt Disney,en,T,4,2,28
35,Os Bad Boys II,2003,147,38,"acao, comedia, crime",240.535,66,89,StarsWill SmithMartin LawrenceGabrielle Union,Columbia  ,Sony,en,T,0,0,11
36,Procurando Nemo,2003,100,90,"animacao, aventura, comedia",986.977,81,23,StarsAlbert Brooks(voice)Ellen DeGeneres(voice)Alexander Gould(voice),Pixar,Walt Disney,en,T,4,1,18
37,O Último Mestre do Ar,2003,103,20,"acao, aventura, familia",158.658,40,32,StarsNoah RingerNicola PeltzJackson Rathbone,Nickelodeon ,Paramount,en,T,0,0,0
38,Réquiem para um Sonho,2000,102,68,drama,798.178,83,72,StarsEllen BurstynJared LetoJennifer Connelly,Thousand Words,"Artisan, Europa",,F,1,0,29
39,X-Men: O Filme,2000,104,64,"acao, aventura, sci-fi",589.466,74,62,StarsPatrick StewartHugh JackmanIan McKellen,"20th Century Fox
Marvel Studios",20th Century Fox,en,T,0,0,26
40,Náufrago,2000,143,73,"aventura, drama, romance",554.375,78,65,StarsTom HanksHelen HuntPaul Sanchez,ImageMovers ,DreamWorks,en,F,2,0,28
41,Psicopata Americano,2000,101,64,"comedia, crime, drama",528.918,76,39,StarsChristian BaleJustin TherouxJosh Lucas,Edward R. Pressman ,"Lions Gate, Columbia",en,F,0,0,14
42,Corpo Fechado,2000,106,62,"drama, misterio, sci-fi",402.049,73,40,StarsBruce WillisSamuel L. JacksonRobin Wright,Touchstone ,Buena Vista,en,F,0,0,37
43,Entrando numa Fria,2000,108,73,"comedia, romance",321.435,70,31,StarsBen StillerRobert De NiroTeri Polo,Tribeca,DreamWorks,en,T,1,0,26
44,Ghost World: Aprendendo a Viver,2001,111,88,"comedia, drama",117.899,73,59,StarsSteve BuscemiThora BirchScarlett Johansson,Granada ,United Artists,,F,1,0,60
45,O Candelabro Italiano,1962,169,,"drama, romance",1.207,64,13,StarsTroy DonahueSuzanne PleshetteRossano Brazzi,,,,F,0,0,16
46,A Flor do Pântano,1957,89,,"comedia, romance",2.336,70,11,StarsDebbie ReynoldsWalter BrennanLeslie Nielsen,,Universal,,F,1,0,17
47,Uma Mente Brilhante,2001,135,72,"biografia, drama",884.071,82,55,StarsRussell CroweEd HarrisJennifer Connelly,Imagine,DreamWorks,en,F,8,4,21
48,Monstros S.A.,2001,92,79,"animacao, aventura, comedia",853.761,81,52,StarsBilly Crystal(voice)John Goodman(voice)Mary Gibbs(voice),"Walt Disney, Pixar",Walt Disney,en,T,4,1,21
49,Melodia Imortal,1956,123,,"biografia, drama, musical",1.832,69,18,StarsTyrone PowerKim NovakVictoria Shaw,Columbia,Columbia,en,F,4,0,44
50,Shrek,2001,90,84,"animacao, aventura, comedia",640.468,79,23,StarsMike Myers(voice)Eddie Murphy(voice)Cameron Diaz(voice),DreamWorks,DreamWorks,en,T,2,1,9
51,A Viagem de Chihiro,2001,125,96,"animacao, aventura, familia",697.576,86,68,Daveigh Chase(English version)Suzanne Pleshette(English version)Miyu Irino(voice),Studio Ghibli,Studio Ghibli,jp,F,1,1,4
52,Meu Amigo Totoro,1988,86,86,"animacao, familia, fantasia",312.553,82,53,StarsHitoshi Takagi(voice)Noriko Hidaka(voice)Chika Sakamoto(voice),Studio Ghibli,Studio Ghibli,jp,F,0,0,24
53,Dia de Treinamento,2001,122,69,"crime, drama, thriller",411.012,77,38,StarsDenzel WashingtonEthan HawkeScott Glenn,,,en,F,0,0,37
54,Falcão Negro em Perigo,2001,144,74,"drama, historia, guerra",378.356,77,47,StarsJosh HartnettEwan McGregorTom Sizemore,Scott Free,Columbia,en,F,2,1,13
55,Lilo & Stitch,2002,85,73,"animacao, aventura, comedia",177.972,73,49,StarsDaveigh Chase(voice)Chris Sanders(voice)Tia Carrere(voice),Walt Disney ,Buena Vista,en,T,1,0,5
56,O Quarto do Pânico,2002,112,65,"crime, drama, thriller",269.795,68,15,StarsJodie FosterKristen StewartForest Whitaker,Miramax,Miramax,en,T,5,1,35
57,O Carteiro e o Poeta,2002,108,81,"biografia, comedia, drama",35.190,77,14,StarsMassimo TroisiPhilippe NoiretMaria Grazia Cucinotta,WingNut,New Line,it,F,0,0,13
58,E sua Mãe Também,2001,106,88,drama,119.584,76,20,StarsMaribel VerdúGael García BernalDaniel Giménez Cacho(voice),,,,F,1,0,5
59,O Senhor dos Anéis: A Sociedade do Anel,2001,207,92,"acao, aventura, drama",1.737.327,88,45,StarsElijah WoodIan McKellenOrlando Bloom,,,en,T,13,4,19
60,Donnie Darko,2001,113,88,"drama, misterio, sci-fi",765.843,80,41,StarsJake GyllenhaalJena MaloneMary McDonnell,Flower,Pandora,en,F,0,0,5
61,O Fabuloso Destino de Amélie Poulain,2001,122,69,"comedia, romance",726.919,83,69,StarsAudrey TautouMathieu KassovitzRufus,Claudie,Prokino,,F,5,0,2
62,Piratas do Caribe: A Maldição do Pérola Negra,2003,143,63,"acao, aventura, fantasia",1.047.804,80,64,StarsJohnny DeppGeoffrey RushOrlando Bloom,Walt Disney,Buena Vista,en,T,5,0,27
63,Hellboy,2004,122,72,"acao, fantasia",316.166,68,45,StarsRon PerlmanDoug JonesSelma Blair,,,en,T,0,0,21
64,"Van Helsing, o Caçador de Monstros",2004,131,35,"acao, aventura, fantasia",255.033,61,23,StarsHugh JackmanKate BeckinsaleRichard Roxburgh,,,en,F,0,0,8
65,Batman Begins,2005,140,70,"acao, aventura",1.365.037,82,95,StarsChristian BaleMichael CaineKen Watanabe,Warner Bros.,Warner Bros.,en,T,1,0,22
66,V de Vingança,2005,132,62,"acao, drama, sci-fi",1.069.297,81,67,StarsHugo WeavingNatalie PortmanRupert Graves,Virtual Studios,Warner Bros.,en,F,0,0,33
67,Madagascar,2005,86,57,"animacao, aventura, comedia",381.732,69,21,StarsChris Rock(voice)Ben Stiller(voice)David Schwimmer(voice),DramWorks,DreamWorks,en,T,0,0,29
68,Quarteto Fantástico,2005,106,40,"acao, aventura, fantasia",319.490,57,50,StarsIoan GruffuddMichael ChiklisChris Evans,20th Century Fox,20th Century Fox,en,T,0,0,12
69,Constantine,2005,121,50,"acao, fantasia, horror",323.291,70,32,StarsKeanu ReevesRachel WeiszDjimon Hounsou,Warner Bros.,Warner Bros.,en,F,0,0,37
70,Orgulho & Preconceito,2005,129,82,"drama, romance",274.582,78,27,StarsKeira KnightleyMatthew MacfadyenBrenda Blethyn,StudioCanal,Universal,en,F,4,0,8
71,A Noiva Cadáver,2005,77,83,"animacao, drama, familia",256.266,73,16,StarsJohnny Depp(voice)Helena Bonham Carter(voice)Emily Watson(voice),Warner Bros.,Warner Bros.,en,F,1,0,34
72,"Hitch, Conselheiro Amoroso",2005,118,58,"comedia, romance",305.260,66,48,StarsWill SmithEva MendesKevin James,Columbia,Columbia,en,F,0,0,19
73,Click,2006,107,45,"comedia, drama, fantasia",317.189,64,57,StarsAdam SandlerKate BeckinsaleChristopher Walken,Columbia,Sony,en,F,1,0,31
74,Terror em Silent Hill,2006,125,31,"horror, misterio",221.848,65,59,StarsRadha MitchellLaurie HoldenSean Bean,,,en,F,0,0,19
75,Happy Feet,2006,108,77,"animacao, aventura, comedia",177.264,64,97,StarsElijah Wood(voice)Brittany Murphy(voice)Hugh Jackman(voice),Kennedy Miller ,Warner Bros.,en,T,1,1,32
76,300,2006,117,52,"acao, drama",758.985,76,75,StarsGerard ButlerLena HeadeyDavid Wenham,Virtual Studios,Warner Bros.,en,F,0,0,20
77,Superman: O Retorno,2006,154,72,"acao, sci-fi",276.592,60,78,StarsBrandon RouthKevin SpaceyKate Bosworth,Warner Bros.,Warner Bros.,en,T,1,0,2
78,A Era do Gelo 2,2006,91,60,"animacao, aventura, comedia",266.094,68,71,StarsRay Romano(voice)John Leguizamo(voice)Denis Leary(voice),20th Century Fox,20th Century Fox,en,T,0,0,5
79,Ratatouille,2007,111,96,"animacao, aventura, comedia",672.091,80,22,StarsBrad Garrett(voice)Lou Romano(voice)Patton Oswalt(voice),"Walt Disney, Pixar",Walt Disney,en,F,5,1,13
80,Transformers,2007,144,61,"acao, aventura, sci-fi",614.335,70,83,StarsShia LaBeoufMegan FoxJosh Duhamel,,,en,T,3,0,11
81,Sangue Negro,2007,158,93,drama,547.271,82,50,StarsDaniel Day-LewisPaul DanoCiarán Hinds,,,en,F,8,2,14
82,"Sweeney Todd, o Barbeiro Demoníaco da Rua Fleet",2007,116,83,"drama, horror, musical",354.737,73,52,StarsJohnny DeppHelena Bonham CarterAlan Rickman,Hasbro,Paramount,en,F,2,1,36
83,Motoqueiro Fantasma,2007,110,35,"acao, fantasia, thriller",230.294,53,44,Nicolas CageEva MendesSam Elliott,,,en,T,0,0,50
84,Atividade Paranormal,2007,86,68,"horror, misterio",228.931,63,5,StarsKatie FeatherstonMicah SloatMark Fredrichs,Blumhouse,Paramount,en,T,0,0,3
85,A Lenda do Tesouro Perdido: Livro dos Segredos,2007,124,48,"acao, aventura, misterio",226.823,65,62,StarsNicolas CageDiane KrugerJustin Bartha,Walt Disney,Walt Disney,en,T,0,0,53
86,P.S. Eu te Amo,2007,126,39,"comedia, drama, romance",204.841,70,39,StarsHilary SwankGerard ButlerHarry Connick Jr.,Alcon,Warner Bros.,en,F,0,0,14
87,Encantada,2007,107,75,"animacao, aventura, comedia",188.241,70,218,StarsAmy AdamsSusan SarandonJames Marsden,Walt Disney,Walt Disney,en,F,3,0,18
88,Kung Fu Panda,2008,92,74,"animacao, acao, aventura",439.894,76,26,StarsJack Black(voice)Ian McShane(voice)Angelina Jolie(voice),DreamWorks,Paramount,en,T,1,0,40
89,Indiana Jones e o Reino da Caveira de Cristal,2008,122,65,"acao, aventura",439.029,61,37,StarsHarrison FordCate BlanchettShia LaBeouf,LucasFilm,Paramount,en,T,0,0,41
90,Madagascar 2: A Grande Escapada,2008,89,61,"animacao, aventura, comedia",215.142,66,40,StarsBen Stiller(voice)Chris Rock(voice)David Schwimmer(voice),DreamWorks,Paramount,en,T,0,0,51
91,As Crônicas de Nárnia: Príncipe Caspian,2008,150,62,"acao, aventura, familia",201.882,65,44,StarsBen BarnesSkandar KeynesGeorgie Henley,Walden,Walt Disney,en,T,0,0,2
92,WALL·E,2008,98,95,"animacao, aventura, familia",1.046.196,84,24,StarsBen Burtt(voice)Elissa Knight(voice)Jeff Garlin(voice),Walt Disney,Walt Disney,en,F,6,1,13
93,Homem de Ferro,2008,126,79,"acao, aventura, sci-fi",987.501,79,61,StarsRobert Downey Jr.Gwyneth PaltrowTerrence Howard,Marvel,Paramount,en,T,2,0,61
94,Hancock,2008,92,49,"acao, drama, fantasia",460.882,64,54,StarsWill SmithCharlize TheronJason Bateman,Columbia,Sony,en,F,0,0,23
95,Crepúsculo,2008,122,56,"drama, fantasia, romance",444.116,52,32,StarsKristen StewartRobert PattinsonBilly Burke,DMG,Paris,en,T,0,0,19
96,Up: Altas Aventuras,2009,96,88,"acao, aventura, comedia",979.140,82,31,StarsEd Asner(voice)Jordan Nagai(voice)John Ratzenberger(voice),Pixar,Walt Disney,en,F,5,2,42
97,Harry Potter e o Enigma do Príncipe,2009,153,78,"acao, aventura, familia",501.686,76,54,StarsDaniel RadcliffeEmma WatsonRupert Grint,Heyday,Warner Bros.,en,T,1,0,8
98,Transformers: A Vingança dos Derrotados,2009,149,35,"acao, aventura, sci-fi",394.991,60,75,StarsShia LaBeoufMegan FoxJosh Duhamel,Hasbro,Paramount,en,T,1,0,15
99,2012,2009,158,49,"acao, aventura, sci-fi",364.657,58,106,StarsJohn CusackThandiwe NewtonChiwetel Ejiofor,Centropolis,Columbia,en,F,0,0,50
100,Sob o Sol da Toscana,2003,113,52,"comedia, drama, romance",50.092,68,48,StarsDiane LaneRaoul BovaSandra Oh,Touchstone,Buena Vista,,F,0,0,22
101,Abençoai as Feras e as Crianças,1971,109,,"comedia, drama",1.383,67,18,StarsBill MumyBarry RobinsMiles Chapin,Stanley,Columbia,,F,1,0,0
102,Guardiões da Galáxia Vol. 2,2017,136,67,"acao, aventura, comedia",614.196,76,47,StarsChris PrattZoe SaldanaDave Bautista,Marvel,Walt Disney,en,T,1,0,26
103,Mulher-Maravilha,2017,141,76,"acao, aventura, familia",613.597,74,75,StarsGal GadotChris PineRobin Wright,DC,Warner Bros.,en,T,0,0,9
104,Dunkirk,2017,106,94,"acao, drama, historia",599.321,78,76,StarsFionn WhiteheadBarry KeoghanMark Rylance,Syncopy,Warner Bros.,en,F,8,3,1
105,Jumanji: Bem-Vindo à Selva,2017,119,58,"acao, aventura, comedia",346.641,69,47,StarsDwayne JohnsonKaren GillanKevin Hart,Columbia,Sony,en,T,0,0,34
106,A Bela e a Fera,2017,129,65,"aventura, familia, fantasia",289.492,71,30,StarsEmma WatsonDan StevensLuke Evans,Walt Disney,Walt Disney,en,F,2,0,17
107,Kong: A Ilha da Caveira,2017,118,62,"acao, aventura, fantasia",299.758,66,129,StarsTom HiddlestonSamuel L. JacksonBrie Larson,Legendary,Warner Bros.,en,T,1,0,11
108,Kingsman: O Círculo Dourado,2017,141,44,"acao, aventura, comedia",293.866,67,36,StarsTaron EgertonColin FirthMark Strong,TSG,20th Century Fox,en,T,0,0,7
109,Alien: Covenant,2017,122,65,"horror, sci-fi, thriller",266.624,64,53,StarsMichael FassbenderKatherine WaterstonBilly Crudup,20th Century Fox,20th Century Fox,en,T,0,0,30
110,Piratas do Caribe: A Vingança de Salazar,2017,129,39,"acao, aventura, fantasia",282.177,65,16,StarsJohnny DeppGeoffrey RushJavier Bardem,Walt Disney,Walt Disney,en,T,0,0,60
111,Amor Além da Vida,1998,113,44,"drama, fantasia, romance",105.969,70,66,StarsRobin WilliamsCuba Gooding Jr.Annabella Sciorra,Interscope,Universal,,F,2,1,36
112,Transformers: O Último Cavaleiro,2017,154,27,"acao, aventura, sci-fi",142.931,52,17,StarsRobin WilliamsCuba Gooding Jr.Annabella Sciorra,Hasbro,Paramount,en,T,0,0,
113,Lego Batman: O Filme,2017,104,75,"animacao, acao, aventura",138.656,73,87,StarsWill Arnett(voice)Michael Cera(voice)Rosario Dawson(voice),Warner Bros.,Warner Bros.,en,T,0,0,
114,Logan,2017,137,77,"acao, drama, sci-fi",692.103,81,48,StarsHugh JackmanPatrick StewartDafne Keen,Marvel,20th Century Fox,en,T,1,0,30
115,Star Wars: Os Últimos Jedi,2017,152,84,"acao, aventura, fantasia",591.014,69,88,StarsDaisy RidleyJohn BoyegaMark Hamill,LucasFilm,Walt Disney,en,T,5,0,
116,Thor: Ragnarok,2017,130,74,"acao, aventura, comedia",651.382,79,69,StarsChris HemsworthTom HiddlestonCate Blanchett,Marvel,Walt Disney,en,T,0,0,
117,Homem-Aranha: De Volta ao Lar,2017,133,73,"acao, aventura, sci-fi",558.921,74,38,StarsTom HollandMichael KeatonRobert Downey Jr.,Marvel,Sony,en,T,0,0,76
118,Viva: A vida é uma festa!,2017,105,81,"animacao, aventura, comedia",435.907,84,62,StarsAnthony Gonzalez(voice)Gael García Bernal(voice)Benjamin Bratt(voice),Walt Disney,Walt Disney,en,F,2,2,
119,A Lagoa Azul,1980,104,31,"aventura, drama, romance",66.494,58,23,StarsBrooke ShieldsChristopher AtkinsLeo McKern,Columbia,Columbia,en,F,1,0,
120,Karatê Kid: A Hora da Verdade,1984,126,60,"acao, drama, familia",209.079,73,14,StarsRalph MacchioPat MoritaElisabeth Shue,Columbia,Columbia,,T,1,0,
121,Lua de Cristal,1990,90,,"comedia, familia, fantasia",910,45,39,StarsSelvagem Big AbreuJuliana BaroniMarilu Bueno,Xuxa,Columbia,,F,0,0,
122,Curtindo a Vida Adoidado,1986,103,61,comedia,336.964,78,19,StarsMatthew BroderickAlan RuckMia Sara,,Paramount,en,T,0,0,
123,Matilda,1996,98,72,"comedia, familia, fantasia",139.244,69,44,StarsDanny DeVitoRhea PerlmanMara Wilson,Jersei,TriStar,en,F,0,0,
124,Um Príncipe em Nova York,1988,117,47,"comedia, romance",199.480,71,60,StarsEddie MurphyPaul BatesGarcelle Beauvais,Eddie Murphy ,Paramount,en,F,2,0,7
125,Resgate Abaixo de Zero,2006,120,64,"aventura, drama, familia",63.191,73,39,StarsPaul WalkerJason BiggsBruce Greenwood,Walt Disney,Buena Vista,en,F,0,0,
126,O Máskara,1994,101,56,"acao, comedia, crime",364.173,69,46,StarsJim CarreyCameron DiazPeter Riegert,Dark Horse,New Line,en,T,1,0,
127,O Homem de Aço,2013,143,55,"acao, aventura, sci-fi",732.324,70,83,StarsHenry CavillAmy AdamsMichael Shannon,DC,Warner Bros.,en,T,0,0,
128,Jogos Vorazes: Em Chamas,2013,146,76,"acao, drama, misterio",634.831,75,50,StarsJennifer LawrenceJosh HutchersonLiam Hemsworth,Lions Gate,,en,T,0,0,
129,Além da Escuridão: Star Trek,2013,132,72,"acao, aventura, sci-fi",472.945,77,94,StarsChris PineZachary QuintoZoe Saldana,Bad Robot,Paramount,en,T,2,0,14
130,Meu Malvado Favorito 2,2013,98,62,"animacao, aventura, comedia",382.040,73,37,StarsSteve Carell(voice)Kristen Wiig(voice)Benjamin Bratt(voice),Illumination,Universal,en,T,2,0,
131,Thor: O Mundo Sombrio,2013,112,54,"acao, aventura, fantasia",631.048,68,40,StarsChris HemsworthNatalie PortmanTom Hiddleston,Marvel,Walt Disney,en,T,0,0,
132,Wolverine: Imortal,2013,126,61,"acao, sci-fi",444.941,67,49,StarsHugh JackmanWill Yun LeeTao Okamoto,20th Century Fox,20th Century Fox,en,T,0,0,25
133,X-Men: Dias de um Futuro Esquecido,2014,132,75,"acao, aventura, sci-fi",681.364,79,79,StarsPatrick StewartIan McKellenHugh Jackman,20th Century Fox,20th Century Fox,en,T,1,0,
134,O Jogo da Imitação,2014,114,71,"biografia, drama, thriller",720.477,80,27,StarsBenedict CumberbatchKeira KnightleyMatthew Goode,Black Bear,StudioCanal,en,F,8,1,
135,Kingsman: Serviço Secreto,2014,129,60,"acao, aventura, comedia",619.087,77,49,StarsColin FirthTaron EgertonSamuel L. Jackson,TSG ,20th Century Fox,en,T,0,0,3
136,Lucy,2014,89,61,"acao, sci-fi, thriller",468.690,64,56,StarsScarlett JohanssonMorgan FreemanChoi Min-sik,EuropaCorp,EuropaCorp,en,F,0,0,
137,Divergente,2014,139,48,"acao, aventura, misterio",440.487,66,47,StarsShailene WoodleyTheo JamesKate Winslet,Summit,Summit,en,T,0,0,
138,Malévola,2014,97,56,"acao, aventura, familia",358.347,70,36,StarsAngelina JolieElle FanningSharlto Copley,Walt Disney,Walt Disney,en,T,1,0,
139,Uma Aventura Lego,2014,100,83,"animacao, aventura, comedia",335.991,77,35,StarsChris Pratt(voice)Will Ferrell(voice)Elizabeth Banks(voice),Warner Bros.,Warner Bros.,en,T,1,0,19
140,Transformers: A Era da Extinção,2014,165,32,"acao, aventura, sci-fi",305.323,56,69,StarsMark WahlbergNicola PeltzJack Reynor,Hasbro,Paramount,en,T,0,0,
141,Como Treinar o Seu Dragão 2,2014,102,76,"animacao, acao, aventura",317.913,78,17,StarsJay Baruchel(voice)Cate Blanchett(voice)Gerard Butler(voice),DreamWorks,20th Century Fox,en,T,1,0,22
142,RoboCop,2014,117,52,"acao, dcrime, sci-fi",221.782,61,75,StarsJoel KinnamanGary OldmanMichael Keaton,Strike,Columbia,en,F,0,0,
143,Transcendence: A Revolução,2014,119,42,"acao, drama, sci-fi",222.795,62,42,StarsJohnny DeppRebecca HallMorgan Freeman,Alcon,Warner Bros.,en,F,0,0,50
144,Jogos Vorazes,2012,142,68,"acao, aventura, sci-fi",875.018,72,46,StarsJennifer LawrenceJosh HutchersonLiam Hemsworth,Color Force,Lions Gate,en,T,0,0,
145,O Hobbit: Uma Jornada Inesperada,2012,169,58,"aventura, fantasia",782.727,78,43,StarsMartin FreemanIan McKellenRichard Armitage,New Line,Warner Bros.,en,T,0,0,
146,007 - Operação Skyfall,2012,143,81,"acao, aventura, thriller",660.968,78,68,StarsDaniel CraigJavier BardemNaomie Harris,EON,Columbia,en,T,3,0,
147,Ted,2012,106,62,comedia,587.814,69,50,StarsMark WahlbergMila KunisSeth MacFarlane(voice),Bluegrass,Universal,en,T,5,2,
148,Life of Pi,2012,127,79,"aventura, drama, fantasia",601.747,79,41,StarsSuraj SharmaIrrfan KhanAdil Hussain,20th Century Fox,20th Century Fox,en,F,1,0,
149,O Espetacular Homem-Aranha,2012,136,66,"aventura, drama, fantasia",583.891,69,46,StarsSuraj SharmaIrrfan KhanAdil Hussain,Marvel,Columbia,en,T,11,4,
150,Detona Ralph,2012,101,72,"animacao, aventura, comedia",397.529,77,68,StarsJohn C. Reilly(voice)Jack McBrayer(voice)Jane Lynch(voice),,,en,T,1,0,
151,Valente,2012,93,69,"animacao, aventura, comedia",389.445,71,204,StarsKelly Macdonald(voice)Billy Connolly(voice)Emma Thompson(voice),Walt Disney,Walt Disney,en,F,1,1,
152,Os Miseráveis,2012,158,63,"drama, musical, romance",318.618,76,37,StarsHugh JackmanRussell CroweAnne Hathaway,Relativity Media,Universal,,F,8,3,23
153,Branca de Neve e o Caçador,2012,127,57,"acao, aventura, drama",281.158,61,127,StarsKristen StewartChris HemsworthCharlize Theron,Roth,Universal,en,T,2,0,26
154,A Escolha Perfeita,2012,112,66,"comedia, musica, romance",290.501,71,75,StarsAnna KendrickBrittany SnowRebel Wilson,Gold Circle,Universal,en,T,0,0,
155,O Ditador,2012,83,58,comedia,290.515,64,135,StarsSacha Baron CohenAnna FarisJohn C. Reilly(uncredited),Four By Two,Paramount,en,F,0,0,
156,Battleship: A Batalha dos Mares,2012,131,41,"acao, aventura, sci-fi",241.915,58,49,StarsAlexander SkarsgårdBrooklyn DeckerLiam Neeson,,Universal,en,T,0,0,
157,Projeto X: Uma Festa Fora de Controle,2012,88,48,comedia,197.378,66,7,StarsThomas MannOliver CooperJonathan Daniel Brown,,Warner Bros.,en,F,0,0,
158,Gravidade,2013,91,96,"aventura, drama, sci-fi",793.481,77,100,StarsSandra BullockGeorge ClooneyEd Harris(voice),Heyday,Warner Bros.,en,F,10,7,
159,Homem de Ferro 3,2013,130,62,"acao, aventura, sci-fi",794.230,71,55,StarsRobert Downey Jr.Guy PearceGwyneth Paltrow,Marvel,Paramount,en,T,1,0,72
160,Alice no País das Maravilhas,2010,108,53,"aventura, familia, fantasia",397.147,64,49,StarsMia WasikowskaJohnny DeppHelena Bonham Carter,Walt Disney,Walt Disney,en,T,3,2,
161,A Mentira,2010,92,72,"comedia, drama, romance",373.560,70,27,StarsEmma StoneAmanda BynesPenn Badgley,Olive Bridge,Screen Gems,en,T,0,0,
162,Tron: Uma Odisseia Eletrônica,1982,96,58,"acao, aventura, sci-fi",117.092,68,32,StarsJeff BridgesBruce BoxleitnerDavid Warner,Walt Disney,Walt Disney,en,F,2,0,
163,Shrek para Sempre,2010,93,58,"animacao, aventura, comedia",193.922,63,130,StarsMike Myers(voice)Cameron Diaz(voice)Eddie Murphy(voice),DreamWorks,Paramount,en,T,0,0,18
164,Percy Jackson e o Ladrão de Raios,2010,119,47,"aventura, familia, fantasia",182.776,59,56,StarsLogan LermanKevin McKiddSteve Coogan,20th Century Fox,20th Century Fox,en,T,0,0,
165,Toy Story 3,2010,103,92,"animacao, aventura, comedia",788.808,82,13,StarsTom Hanks(voice)Tim Allen(voice)Joan Cusack(voice),Walt Disney,Walt Disney,en,T,5,2,41
166,Como Treinar o Seu Dragão,2010,98,75,"animacao, acao, aventura",696.162,81,33,StarsJay Baruchel(voice)Gerard Butler(voice)Christopher Mintz-Plasse(voice),Paramount,Paramount,en,T,2,0,11
167,Rango,2011,107,75,"animacao, aventura, comedia",249.618,72,94,StarsJohnny Depp(voice)Isla Fisher(voice)Timothy Olyphant(voice),Nickelodeon,Paramount,en,F,1,1,41
168,Harry Potter e as Relíquias da Morte - Parte 2,2011,130,85,"aventura, familia, fantasia",806.262,81,95,StarsDaniel RadcliffeEmma WatsonRupert Grint,Heyday,Warner Bros.,en,T,3,0,10
169,Capitão América: O Primeiro Vingador,2011,124,66,"acao, aventura, sci-fi",785.850,69,47,StarsChris EvansHugo WeavingSamuel L. Jackson,Marvel,Paramount,en,T,0,0,
170,Missão: Impossível - Protocolo Fantasma,2011,132,73,"acao, aventura, thriller",471.075,74,52,StarsTom CruiseJeremy RennerSimon Pegg,Bad Robot,Paramount,en,T,0,0,
171,Sherlock Holmes: O Jogo de Sombras,2011,129,48,"acao, aventura, misterio",435.242,75,106,StarsRobert Downey Jr.Jude LawJared Harris,Silver,Warner Bros.,en,F,0,0,66
172,Transformers: O Lado Oculto da Lua,2011,154,42,"acao, aventura, sci-fi",394.934,62,35,StarsShia LaBeoufRosie Huntington-WhiteleyTyrese Gibson,Hasbro,Paramount,en,T,3,0,17
173,Eu Sou o Número Quatro,2011,111,36,"acao, aventura, sci-fi",232.530,61,55,StarsAlex PettyferTimothy OlyphantDianna Agron,DreamWorks,Touchstone,en,F,0,0,
174,The Avengers - Os Vingadores,2012,143,69,"acao, aventura, sci-fi",1.312.187,80,54,StarsRobert Downey Jr.Chris EvansScarlett Johansson,Marvel,Walt Disney,en,T,1,0,70
175,Cisne Negro,2010,108,79,"drama, thriller",726.422,80,48,StarsNatalie PortmanMila KunisVincent Cassel,Dune,20th Century Fox,en,F,5,1,
176,Velozes & Furiosos 4,2009,107,46,"acao, thriller",275.810,66,20,StarsVin DieselPaul WalkerMichelle Rodriguez,Relativity,Universal,en,T,0,0,
177,Coraline e o Mundo Secreto,2009,100,80,"animacao, drama, familia",209.921,77,69,StarsDakota Fanning(voice)Teri Hatcher(voice)John Hodgman(voice),,Focus,en,F,1,0,
178,17 Outra Vez,2009,102,48,"comedia, drama, fantasia",190.145,64,24,StarsZac EfronMatthew PerryLeslie Mann,Plan B,New Line,en,F,0,0,
179,A Proposta,2009,108,48,"comedia, drama, romance",308.279,67,60,StarsSandra BullockRyan ReynoldsMary Steenburgen,Toucchstone,Walt Disney,en,F,0,0,
180,Animais Fantásticos e Onde Habitam,2016,132,66,"aventura, familia, fantasia",430.087,73,113,StarsEddie RedmayneKatherine WaterstonAlison Sudol,Heyday,Warner Bros.,en,T,2,1,
181,X-Men: Apocalipse,2016,144,52,"acao, aventura, sci-fi",411.102,69,40,StarsJames McAvoyMichael FassbenderJennifer Lawrence,Marvel,20th Century Fox,en,T,0,0,
182,Mogli - O Menino Lobo,2016,106,77,"aventura, comedia, drama",267.849,74,11,StarsNeel SethiBill Murray(voice)Ben Kingsley(voice),Walt Disney,Walt Disney,en,F,0,0,
183,Moana: Um Mar de Aventuras,2016,107,81,"animacao, aventura, comedia",298.911,76,66,StarsAuli'i Cravalho(voice)Dwayne Johnson(voice)Rachel House(voice),Walt Disney,Walt Disney,en,F,2,0,
184,Procurando Dory,2016,97,77,"animacao, aventura, comedia",255.794,73,55,StarsEllen DeGeneres(voice)Albert Brooks(voice)Ed O'Neill(voice),Pixar,Walt Disney,en,T,0,0,
185,Star Trek: Sem Fronteiras,2016,122,68,"acao, aventura, sci-fi",237.409,70,33,StarsChris PineZachary QuintoKarl Urban,Bad Robot,Paramount,en,T,1,0,22
186,Invocação do Mal 2,2016,134,65,"horror, misterio, thriller",250.155,73,55,StarsVera FarmigaPatrick WilsonMadison Wolfe,New Line,Warner Bros.,en,T,0,0,
187,Caça-Fantasmas,2016,117,60,"acao, comedia, fantasia",213.694,65,14,StarsMelissa McCarthyKristen WiigKate McKinnon,Village,Columbia,en,F,0,0,
188,O Homem nas Trevas,2016,88,71,"crime, horror, thriller",253.150,71,31,StarsStephen LangJane LevyDylan Minnette,Ghost House,Screen Gems,en,F,0,0,
189,Pets: A Vida Secreta dos Bichos,2016,87,61,"animacao, aventura, comedia",191.836,65,20,StarsLouis C.K.(voice)Eric Stonestreet(voice)Kevin Hart(voice),Illumination,Universal,en,T,0,0,
190,A Garota no Trem,2016,112,48,"crime, drama, misterio",179.135,65,44,StarsEmily BluntHaley BennettRebecca Ferguson,DreamWorks,Universal,en,F,0,0,
191,Terremoto: A Falha de San Andreas,2015,114,43,"acao, aventura, thriller",224.965,61,68,StarsDwayne JohnsonCarla GuginoAlexandra Daddario,New Line,Universal,en,F,0,0,29
192,Vingadores: Era de Ultron,2015,141,66,"acao, aventura, sci-fi",795.093,73,125,StarsRobert Downey Jr.Chris EvansMark Ruffalo,Marvel,Walt Disney,en,T,0,0,75
193,Batman vs Superman: A Origem da Justiça,2016,152,44,"acao, aventura, sci-fi",666.340,64,103,StarsBen AffleckHenry CavillAmy Adams,DC,Warner Bros.,en,T,0,0,
194,Capitão América: Guerra Civil,2016,147,75,"acao, aventura, sci-fi",712.798,78,61,StarsChris EvansRobert Downey Jr.Scarlett Johansson,Marvel,Walt Disney,en,T,0,0,
195,O Esquadrão Suicida,2016,132,72,"acao, aventura, comedia",228.330,73,28,StarsMargot RobbieIdris ElbaJohn Cena,DC,Warner Bros.,en,T,0,0,
196,Doutor Estranho,2016,115,72,"acao, aventura, fantasia",648.705,75,40,StarsBenedict CumberbatchChiwetel EjioforRachel McAdams,Marvel ,Walt Disney,en,T,0,0,
197,Rogue One: Uma História Star Wars,2016,133,65,"acao, aventura, sci-fi",582.703,78,74,StarsFelicity JonesDiego LunaAlan Tudyk,Lucasfilm,Walt Disney,en,T,2,0,
198,La La Land: Cantando Estações,2016,128,94,"comedia, drama, musical",540.399,80,149,StarsRyan GoslingEmma StoneRosemarie DeWitt,Black Label,Paris,en,F,14,6,
199,Zootopia,2016,108,78,"animacao, aventura, comedia",460.716,80,50,StarsGinnifer Goodwin(voice)Jason Bateman(voice)Idris Elba(voice),Walt Disney,Walt Disney,en,F,1,1,
200,A Lenda de Tarzan,2016,110,44,"acao, aventura, drama",170.343,62,57,StarsAlexander SkarsgårdRory J. SaperChristian Stevens,Village,Warner Bros.,en,F,,,
201,As Tartarugas Ninja,2014,101,31,"acao, aventura, comedia",205.453,58,28,StarsMegan FoxWill ArnettWilliam Fichtner,Nickelodeon,Paramount,en,T,,,
202,Os Mortos Não Mentem,1998,98,,thriller,885,62,27,StarsTommy Lee JonesVirginia MadsenColin Bruce,Walt Disney,Walt Disney,en,F,,,
203,Guardiões da Galáxia,2014,121,76,"acao, aventura, comedia",1.098.513,80,70,StarsChris PrattVin Diesel(voice)Bradley Cooper(voice),Marvel,Walt Disney,en,T,2,,22
204,Maze Runner: Correr ou Morrer,2014,113,57,"acao, misterio, sci-fi",439.036,68,37,StarsDylan O'BrienKaya ScodelarioWill Poulter,Temple Hill,20th Century Fox,en,T,0,0,
205,Jurassic World: O Mundo dos Dinossauros,2015,124,59,"acao, aventura, sci-fi",603.123,70,38,StarsChris PrattBryce Dallas HowardTy Simpkins,Legendary,Universal,en,T,0,0,23
206,Divertida Mente,2015,95,94,"animacao, aventura, comedia",656.992,81,57,StarsAmy Poehler(voice)Bill Hader(voice)Lewis Black(voice),Walt Disney,Walt Disney,en,F,2,1,
207,Homem-Formiga,2015,117,64,"acao, aventura, comedia",610.661,73,65,StarsPaul RuddMichael DouglasCorey Stoll,Marvel,Walt Disney,en,T,0,0,
208,007 Contra Spectre,2015,148,60,"acao, aventura, thriller",409.716,68,76,StarsDaniel CraigChristoph WaltzLéa Seydoux,EON,Columbia,en,T,1,1,
209,Missão: Impossível - Nação Secreta,2015,131,75,"acao, aventura, thriller",355.619,74,82,StarsTom CruiseRebecca FergusonJeremy Renner,Bad Robot,Paramount,en,T,0,0,
210,O Agente da U.N.C.L.E.,2015,116,56,"acao, aventura, comedia",291.453,73,31,StarsHenry CavillArmie HammerAlicia Vikander,Davis,Warner Bros.,en,F,0,0,
211,Chappie,2015,120,41,"acao, crime, drama",240.347,68,40,StarsSharlto CopleyDev PatelHugh Jackman,Columbia,Sony,en,F,0,0,
212,Maze Runner: Prova de Fogo,2015,131,43,"acao, aventura, sci-fi",235.139,63,34,StarsDylan O'BrienKaya ScodelarioThomas Brodie-Sangster,Temple Hill,20th Century Fox,en,T,0,0,
213,A Série Divergente: Insurgente,2015,119,42,"acao, aventura, sci-fi",227.032,62,47,StarsShailene WoodleyAnsel ElgortTheo James,Summit,Paris,en,T,0,0,
214,Minions,2015,91,56,"animacao, aventura, comedia",222.356,64,51,StarsSandra Bullock(voice)Jon Hamm(voice)Michael Keaton(voice),Illumination,Universal,en,T,0,0,
215,Sem Reservas ,2007,104,50,"comedia, drama, romance",73.120,63,45,StarsCatherine Zeta-JonesAaron EckhartAbigail Breslin,Village,Warner Bros.,en,F,0,0,
216,12 Homens e uma Sentença ,1957,96,96,"crime, drama",733.045,90,12,StarsHenry FondaLee J. CobbMartin Balsam,,,en,F,3,0,
217,A Felicidade Não se Compra,1946,130,89,"drama, familia, fantasia",423.688,86,35,StarsJames StewartDonna ReedLionel Barrymore,Liberty,PKO,en,F,5,0,
218,Psicose ,1960,109,97,"horror, misterio, thriller",633.593,85,13,StarsAnthony PerkinsJanet LeighVera Miles,Shamley,Paramount,en,T,4,0,
219,"M, o Vampiro de Dusseldorf ",1931,117,,"crime, misterio, thriller",151.191,83,18,StarsPeter LorreEllen WidmannInge Landgut,Nero-Film,Vereinigte,en,F,0,0,
220,Touro Indomável,1980,129,89,"biografia, drama",336.874,82,86,StarsRobert De NiroCathy MoriartyJoe Pesci,,United Artists,en,F,8,2,
221,O Homem Elefante ,1980,124,78,"biografia, drama",231.321,81,63,StarsAnthony HopkinsJohn HurtAnne Bancroft,Brooksfilms,Paramount,en,F,8,0,
222,Sin City: A Cidade do Pecado ,2005,124,74,"crime, thriller",751.010,80,58,StarsMickey RourkeClive OwenBruce Willis,Dimension,Walt Disney,en,F,0,0,
223,Pacto Sinistro ,1951,101,88,"crime, drama",129.745,80,12,StarsFarley GrangerRobert WalkerRuth Roman,,,en,F,1,0,
224,...E o Vento Levou,1939,238,97,"drama, historia, romance",302.320,81,43,StarsClark GableVivien LeighThomas Mitchell,,,en,F,15,10,
225,O Mágico de Oz ,1939,102,92,"aventura, familia, fantasia",380.392,80,12,StarsJudy GarlandFrank MorganRay Bolger,Metro-Goldwyn-Mayer,Loew's ,en,F,5,2,
226,Um Corpo que Cai ,1958,128,100,"misterio, romance, thriller",383.775,83,9,StarsJames StewartKim NovakBarbara Bel Geddes,Loew's,MGM,en,F,2,0,
227,O Poderoso Chefão II ,1974,202,90,"crime, drama",1.188.509,90,69,StarsAl PacinoRobert De NiroRobert Duvall,Hitchcock,Paramount,en,T,11,6,
228,Forrest Gump: O Contador de Histórias,1994,142,82,"drama, romance",1.914.752,88,116,StarsTom HanksRobin WrightGary Sinise,,Paramount,en,F,13,6,20
229,A Noviça Rebelde ,1965,172,63,"biografia, drama, familia",216.685,80,20,StarsJulie AndrewsChristopher PlummerEleanor Parker,Tisch ,Paramount,en,F,10,5,
230,"Star Wars, Episódio I: A Ameaça Fantasma",1977,136,51,"acao, aventura, fantasia",758.370,65,59,StarsEwan McGregorLiam NeesonNatalie Portman,20th Century Fox,20th Century Fox,en,T,3,0,
231,E.T.: O Extraterrestre ,1982,115,91,"familia, sci-fi",388.530,78,28,StarsHenry ThomasDrew BarrymorePeter Coyote,Lucasfilm,20th Century Fox,en,F,9,4,
232,O Silêncio dos Inocentes,1991,118,85,"crime, drama, thriller",1.338.081,86,54,StarsJodie FosterAnthony HopkinsLawrence A. Bonney,Universal,Universal,en,F,7,5,25
233,Cantando na Chuva ,1952,103,99,"comedia, musical, romance",229.474,82,8,StarsGene KellyDonald O'ConnorDebbie Reynolds,Strong Heart,Orion,en,F,2,0,
234,Gladiador ,2000,155,67,"acao, aventura, drama",1.405.185,85,36,StarsRussell CroweJoaquin PhoenixConnie Nielsen,,Metro-Goldwyn-Mayer,en,F,12,5,19
235,Titanic ,1997,194,75,"drama, romance",1.098.415,78,88,StarsLeonardo DiCaprioKate WinsletBilly Zane,Red Wagon,DreamWorks,en,F,14,11,9
236,Laranja Mecânica ,1971,136,77,"crime, drama, sci-fi",788.558,83,43,StarsMalcolm McDowellPatrick MageeMichael Bates,Paramount,Paramount,en,F,4,0,
237,Tubarão ,1975,124,87,"aventura, thriller",567.100,80,17,StarsRoy ScheiderRobert ShawRichard Dreyfuss,Polaris,Warner Bros.,en,T,4,3,
238,Coração Valente ,1995,178,68,"biografia, drama, historia",991.523,83,58,StarsMel GibsonSophie MarceauPatrick McGoohan,Zanuck/Brown ,Universal,en,F,5,5,
239,À Espera de um Milagre ,1999,189,61,"crime, drama, fantasia",1.209.143,86,37,StarsTom HanksMichael Clarke DuncanDavid Morse,Paramount,Paramount,en,F,4,0,27
240,Gênio Indomável ,1997,126,70,"drama, romance",904.694,83,42,StarsRobin WilliamsMatt DamonBen Affleck,Castle Rock,Warner Bros.,en,F,7,2,34
241,O Morro dos Ventos Uivantes ,1939,129,70,"drama, romance",9.905,60,13,StarsKaya ScodelarioJames HowsonSolomon Glave,,Be Gentleman,en,F,0,0,
242,Planeta dos Macacos: O Confronto ,2014,130,79,"acao, aventura, drama",424.072,76,30,StarsGary OldmanKeri RussellAndy Serkis,Chernin,20th Century Fox,en,T,1,0,
243,O Lobo de Wall Street ,2013,180,75,"biografia, comedia, crime",1.274.027,82,135,StarsLeonardo DiCaprioJonah HillMargot Robbie,Red Granite,Universal,en,F,5,0,28
244,Sem Escalas ,2014,106,56,"acao, misterio, thriller",257.646,69,31,StarsLiam NeesonJulianne MooreScoot McNairy,Silver,Universal,en,F,0,0,
245,A Saga Crepúsculo: Eclipse ,2010,124,58,"acao, aventura, drama",236.733,50,45,StarsKristen StewartRobert PattinsonTaylor Lautner,Temple Hill,Summit,en,T,0,0,22
246,Caçador de Recompensas (I) ,2010,100,22,"acao, comedia, romance",124.714,56,36,StarsJennifer AnistonGerard ButlerGio Perez,Relativity Media,Columbia,en,F,0,0,
247,A Verdade Nua e Crua ,2009,96,28,"comedia, romance",211.305,64,45,StarsKatherine HeiglGerard ButlerBree Turner,Relativity Media,Columbia,en,T,0,0,
248,Anjos da Noite ,2003,98,,drama,114,70,30,StarsZezé MottaAntônio FagundesMarco Nanini,Lakeshore,Screen Gems,pt-br,T,0,0,
249,A Maldição de Blackhills: Bruxa de Blair 3,2016,89,47,"horror, misterio, thriller",43.766,50,6,StarsJames Allen McCuneCallie HernandezCorbin Reid,Room 101,Lions Gate,en,T,0,0,
250,Frozen: Uma Aventura Congelante,2013,102,75,"animacao,aventura, comedia",593.891,74,58,StarsKristen Bell(voice)Idina Menzel(voice)Jonathan Groff(voice),Walt Disney,Walt Disney,en,T,2,2,
251,Truque de Mestre (I),2013,125,50,"crime, misterio, thriller",623.096,72,55,StarsJesse EisenbergCommonMark Ruffalo,Summit,Summit,en,T,0,0,
252,Esposa de Mentirinha ,2011,117,33,"comedia, romance",231.195,64,59,StarsAdam SandlerJennifer AnistonBrooklyn Decker,Columbia,Columbia,en,F,0,0,41
253,Casa Comigo? ,2010,100,33,"comedia, romance",100.473,65,40,StarsAmy AdamsMatthew GoodeAdam Scott,Universal,Universal,en,F,0,0,26
254,Cartas para Julieta ,2010,105,50,"aventura, comedia, drama",96.561,65,31,StarsAmanda SeyfriedGael García BernalVanessa Redgrave,Summit,Summit,en,F,0,0,
255,Príncipe da Pérsia: As Areias do Tempo ,2010,116,50,"acao, aventura, fantasia",280.219,66,43,StarsJake GyllenhaalGemma ArtertonBen Kingsley,Walt Disney,Walt Disney,en,T,0,0,20
256,Enrolados ,2010,100,71,"animacao, aventura, comedia",424.806,77,36,StarsMandy Moore(voice)Zachary Levi(voice)Donna Murphy(voice),Walt Disney,Walt Disney,en,F,1,0,
257,Os Delírios de Consumo de Becky Bloom ,2009,104,38,"comedia, romance",76.465,59,75,StarsIsla FisherHugh DancyKrysten Ritter,,,en,F,0,0,
258,Stardust: O Mistério da Estrela ,2007,127,66,"aventura, comedia, fantasia",263.716,76,44,StarsCharlie CoxClaire DanesSienna Miller,Ingenious,Paramount,en,F,0,0,
259,O Diário da Princesa 2: Casamento Real ,2004,113,43,"comdeia, familia, romance",77.528,58,140,StarsAnne HathawayCallum BlueJulie Andrews,Paramount,Paramount,en,T,0,0,
260,Como Perder um Homem em 10 Dias ,2003,116,45,"comedia, romance",222.913,64,45,StarsKate HudsonMatthew McConaugheyAdam Goldberg,Paramount,Paramount,en,F,0,0,
261,O Espanta Tubarões ,2004,90,48,"animacao, aventura, comedia",174.617,60,31,StarsWill Smith(voice)Robert De Niro(voice)Renée Zellweger(voic,Walt Disney,Buena Vista,en,F,1,0,18
262,Razão e Sensibilidade ,1995,136,84,"drama, romance",109.738,77,47,StarsEmma ThompsonKate WinsletJames Fleet,,,en,F,6,1,
263,Robôs ,2005,91,64,"animcacao, aventura, comedia",139.407,63,31,StarsEwan McGregor(voice)Halle Berry(voice)Mel Brooks(voice),DreamWorks,DreamWorks,en,F,0,0,
264,Quarteto Fantástico e o Surfista Prateado ,2007,92,45,"acao, aventura, fantasia",257.382,56,24,StarsIoan GruffuddJessica AlbaChris Evans,20th Century Fox,20th Century Fox,en,T,0,0,15
265,Space Jam: O Jogo do Século ,1996,88,59,"animacao, aventura, comedia",189.743,65,51,StarsMichael JordanWayne KnightTheresa Randle,Marvel,20th Century Fox,en,T,0,0,
266,Alien vs. Predador ,2004,101,29,"acao, aventura, horror",191.150,56,40,StarsSanaa LathanLance HenriksenRaoul Bova,Warner Bros.,Warner Bros.,en,T,0,0,
267,Atlantis: O Reino Perdido ,2001,95,52,"animacao, acao, aventura",111.759,69,69,StarsMichael J. Fox(voice)Jim Varney(voice)Corey Burton(voice),Davis,20th Century Fox,en,F,0,0,
268,Mudança de Hábito 2: Mais Loucuras no Convento ,1993,107,38,"comedia, familia, musical",51.691,57,23,StarsWhoopi GoldbergKathy NajimyMaggie Smith,Walt Disney,Buena Vista,en,T,0,0,
269,Uma Noite Mágica ,1998,101,40,"comedia, drama, familia",34.422,54,17,StarsMichael KeatonKelly PrestonJoseph Cross,Toutchstone,Buena Vista,en,F,0,0,
270,A Fantástica Fábrica de Chocolate ,2005,115,72,"aventura, comedia, familia",449.500,66,101,StarsJohnny DeppFreddie HighmoreDavid Kelly,Warner Bros.,Warner Bros.,en,F,1,0,33
271,O Grinch ,2018,85,51,"animacao, aventura, comedia",60.125,63,41,StarsBenedict Cumberbatch(voice)Cameron Seely(voice)Rashida Jones(voice),Village,Warner Bros.,en,F,0,0,
272,Qual Seu Número? ,2011,106,35,"comedia, romance",76.073,61,55,StarsAnna FarisChris EvansAri Graynor,Universal,Universal,en,F,0,0,
273,Os Instrumentos Mortais: Cidade dos Ossos ,2013,130,33,"acao, aventura, fantasia",130.542,59,22,StarsLily CollinsJamie Campbell BowerRobert Sheehan,20th Century Fox,20th Century Fox,en,T,0,0,
274,"Ela Dança, Eu Danço ",2006,104,48,"crime, drama, musical",114.553,65,113,StarsChanning TatumJenna DewanDamaine Radcliff,Screen Gems,Sony,en,T,0,0,
275,Lanterna Verde ,2011,114,39,"acao, aventura, sci-fi",276.397,55,50,StarsRyan ReynoldsBlake LivelyPeter Sarsgaard,Summit,Walt Disney,en,F,0,0,
276,Uma Garota Encantada ,2004,96,53,"comedia, familia, fantasia",65.391,63,38,StarsAnne HathawayHugh DancyCary Elwes,DC,Warner Bros.,en,F,0,0,
277,Ghost - Do Outro Lado da Vida ,1990,127,52,"drama, fantasia, romance",206.731,71,37,StarsPatrick SwayzeDemi MooreWhoopi Goldberg,Paramount,Paramount,en,F,3,2,
278,As Mil Palavras,2012,91,26,"comedia, drama",41.780,59,59,StarsEddie MurphyCliff CurtisKerry Washington,DreamWorks,Paramount,en,F,0,0,37
279,Arthur e os Minimoys,2006,94,39,"animacao, aventura, comedia",35.313,60,38,StarsFreddie HighmoreMia FarrowMadonna(English version),EuropaCorp,EuropaCorp,en,T,0,0,
280,Amor à Segunda Vista ,2002,117,,"comedia, drama, fantasia",4.220,70,26,StarsFrançois CivilJoséphine JapyBenjamin Lavernhe,Castle Rock,Warner Bros.,en,F,0,0,
281,Noiva em Fuga ,1999,116,39,"comedia, romance",95.932,56,46,StarsJulia RobertsRichard GereJoan Cusack,Paramount,Paramount,en,F,0,0,
282,Pocahontas II: Uma Jornada para o Novo Mundo,1998,72,,"animacao, aventura, drama",14.926,49,30,StarsIrene Bedard(voice)Donal Gibson(voice)Jim Cummings(voice),Walt Disney,Walt Disney,en,T,0,0,
283,Anastasia ,1997,94,61,"animacao, aventura, drama",117.529,72,54,StarsMeg Ryan(voice)John Cusack(voice)Christopher Lloyd(voice),20th Century Fox,20th Century Fox,en,F,2,0,
284,Amor por Acidente ,2015,100,20,"comedia, romance",8.246,41,36,Jessica BielRay BrownJenny Gulley,A&M,Tristar,en,F,0,0,
285,Pocahontas (I) ,1995,81,58,"animaco, aventura, drama",178.088,67,15,StarsMel Gibson(voice)Linda Hunt(voice)Christian Bale(voice),Walt Disney,Buena Vista,en,T,2,2,
286,O Guarda-Costas ,1992,129,39,"acao, drama, musical",127.505,63,57,StarsKevin CostnerWhitney HoustonGary Kemp,Kasdan,Warner Bros.,en,F,2,0,
287,Esqueceram de Mim 3 ,1997,102,,"acao, comedia, crime",110.992,45,30,StarsAlex D. LinzOlek KrupaRya Kihlstedt,Hughes,20th Century Fox,en,T,0,0,
288,A Pequena Sereia II: O Retorno para o Mar ,2000,75,,"animacao, aventura, drama",18.670,56,19,StarsTara Strong(voice)Pat Carroll(voice)Jodi Benson(voice),Walt Disney,Buena Vista,en,T,0,0,
289,G.I. Joe: Retaliação,2013,110,41,"acao, aventura, sci-fi",178.154,58,54,StarsDwayne JohnsonChanning TatumAdrianne Palicki,Hasbro,Paramount,en,T,0,0,23
290,Pequenos Espiões 3: Game Over,2003,84,43,"acao, aventura, comedia",57.879,57,33,StarsDaryl SabaraAlexa PenaVegaAntonio Banderas,,,en,T,0,0,
291,O Pequeno Stuart Little 2,2002,77,66,"animacao, aventura, comedia",52.548,55,29,StarsMichael J. Fox(voice)Geena DavisHugh Laurie,Columbia,Sony,en,T,0,0,
292,"Hook, a Volta do Capitão Gancho",1991,142,52,"aventura, comedia, familia",243.766,68,73,StarsDustin HoffmanRobin WilliamsJulia Roberts,Amblin,Tristar,en,T,0,0,
293,Dr. Dolittle 2 ,2001,87,49,"comedia, familia, fantasia",44.370,47,74,StarsEddie MurphyCedric the Entertainer(voice)Kristen Wilson,Davis,20th Century Fox,en,T,0,0,22
294,Motoqueiro Fantasma: Espírito de Vingança ,2011,96,34,"acao, fantasia, thriller",115.220,43,19,StarsNicolas CageCiarán HindsIdris Elba,Columbia,Columbia,en,T,0,0,66
295,Hairspray: Em Busca da Fama,2007,117,81,"comedia, drama, musical",124.702,67,143,StarsJohn TravoltaQueen LatifahNikki Blonsky,Ingenious,New Line,en,T,0,0,48
296,Sempre ao Seu Lado ,2009,93,,"biografia, drama, familia",267.981,81,23,StarsRichard GereJoan AllenCary-Hiroyuki Tagawa,,Stage ,en,F,0,0,40
297,Ponte para Terabítia ,2007,96,74,"drama, familia, fantasia",149.658,72,26,StarsJosh HutchersonAnnaSophia RobbZooey Deschanel,Walden,Walt Disney,en,F,0,0,
298,Pixels,2015,105,27,"animacao, acao, comedia",137.605,55,71,Adam SandlerKevin JamesMichelle Monaghan,Hughes Winborne,Universal,en,T,0,0,54
299,Carros ,2006,97,73,"animacao, aventura, comedia",389.668,71,85,StarsOwen Wilson(voice)Bonnie Hunt(voice)Paul Newman(voice),Pixar,Walt Disney,en,T,2,0,